,City,Cloudiness,Country,Date,Humidity,Lat,Lng,Max Temp,Wind Speed
0,New Milford,75,US,1661232703,92,40.9327,-74.0179,75.18,4.61
1,Dikson,100,RU,1661232704,94,73.5069,80.5464,42.13,6.71
2,Maple Creek,2,CA,1661232632,64,49.9168,-109.4848,72.01,10.36
3,Cidreira,3,BR,1661232704,92,-30.1811,-50.2056,59.31,13.91
4,Fortuna,99,US,1661232584,92,40.5982,-124.1573,63.66,1.01
5,Mataura,100,NZ,1661232705,75,-46.1927,168.8643,57.47,3.85
6,George Town,40,MY,1661232631,79,5.4112,100.3354,87.89,10.36
7,Nikolskoye,95,RU,1661232705,67,59.7035,30.7861,70.88,4.63
8,Hilo,75,US,1661232706,94,19.7297,-155.09,80.28,12.66
9,Kachīry,91,KZ,1661232706,35,53.0675,76.1036,65.43,7.54
10,Matara,38,LK,1661232707,68,5.9485,80.5353,84.78,15.19
11,Hermanus,76,ZA,1661232707,71,-34.4187,19.2345,54.81,9.48
12,Tilichiki,99,RU,1661232708,85,60.4667,166.1,54.86,5.66
13,Rikitea,2,PF,1661232708,70,-23.1203,-134.9692,70.43,13.87
14,Busselton,0,AU,1661232629,49,-33.65,115.3333,59.86,6.42
15,Kendari,83,ID,1661232709,61,-3.945,122.4989,83.28,7.74
16,Dingle,100,PH,1661232709,83,10.9995,122.6711,80.58,12.57
17,Miguel Pereira,16,BR,1661232709,96,-22.4539,-43.4689,57.13,2.66
18,Imeni Babushkina,79,RU,1661232710,57,59.7573,43.1285,73.89,7.9
19,Kaitangata,100,NZ,1661232710,77,-46.2817,169.8464,47.25,4.12
20,Puerto Escondido,43,MX,1661232711,85,15.85,-97.0667,77.86,4.45
21,Tasiilaq,77,GL,1661232711,75,65.6145,-37.6368,41.16,5.68
22,Ahipara,11,NZ,1661232712,84,-35.1667,173.1667,56.25,8.84
23,Mar del Plata,100,AR,1661232712,94,-38.0023,-57.5575,46.09,11.99
24,Ushuaia,0,AR,1661232712,80,-54.8,-68.3,33.46,4.61
25,Talnakh,100,RU,1661232713,93,69.4865,88.3972,50.74,4.05
26,Severo-Kuril'sk,100,RU,1661232713,82,50.6789,156.125,57.16,14.52
27,Pacific Grove,75,US,1661232714,88,36.6177,-121.9166,67.01,5.75
28,Qaanaaq,41,GL,1661232714,61,77.484,-69.3632,29.53,7.4
29,Kem',50,RU,1661232714,53,64.9555,34.5793,61.99,9.17
30,Leh,11,IN,1661232715,33,34.1667,77.5833,68.16,6.8
31,Kahului,75,US,1661232715,87,20.8947,-156.47,76.96,10.36
32,Barrow,100,US,1661232716,93,71.2906,-156.7887,33.82,25.32
33,Mahébourg,40,MU,1661232716,73,-20.4081,57.7,75.25,12.66
34,Juneau,100,US,1661232474,98,58.3019,-134.4197,64.4,5.75
35,Cabo San Lucas,75,MX,1661232717,76,22.8909,-109.9124,83.61,3.0
36,Udachny,100,RU,1661232717,73,66.4167,112.4,46.31,4.56
37,Geraldton,86,AU,1661232657,42,-28.7667,114.6,64.81,16.11
38,Ilulissat,100,GL,1661232718,81,69.2167,-51.1,48.22,13.8
39,Saint-Philippe,29,RE,1661232718,70,-21.3585,55.7679,76.59,10.74
40,Cape Town,0,ZA,1661232666,78,-33.9258,18.4232,59.11,3.0
41,Lebu,100,CL,1661232719,90,-37.6167,-73.65,50.59,1.81
42,Lékoni,89,GA,1661232719,88,-1.5843,14.2591,69.85,5.75
43,Pevek,100,RU,1661232720,78,69.7008,170.3133,47.35,15.3
44,Sisimiut,100,GL,1661232720,80,66.9395,-53.6735,46.22,23.53
45,Bethel,70,US,1661232721,85,41.3712,-73.414,72.01,2.64
46,Sola,62,VU,1661232721,72,-13.8833,167.55,79.99,19.57
47,Voi,70,KE,1661232722,63,-3.3945,38.563,72.5,12.57
48,Saint-Pierre,0,RE,1661232722,58,-21.3393,55.4781,76.68,4.61
49,Butaritari,74,KI,1661232723,76,3.0707,172.7902,82.38,16.42
50,Puerto Ayora,96,EC,1661232724,96,-0.7393,-90.3518,67.55,7.0
51,Kapaa,40,US,1661232725,76,22.0752,-159.319,82.38,13.8
52,Jamestown,100,US,1661232725,72,42.097,-79.2353,65.84,3.44
53,Mossendjo,88,CG,1661232726,95,-2.9506,12.7261,66.2,2.98
54,Palmer,100,US,1661232726,86,42.1584,-72.3287,70.41,0.0
55,Codrington,69,AU,1661232727,67,-38.2667,141.9667,50.25,17.05
56,Avarua,20,CK,1661232727,83,-21.2078,-159.775,71.65,9.22
57,Hasaki,99,JP,1661232727,81,35.7333,140.8333,91.29,14.2
58,Grindavik,0,IS,1661232728,100,63.8424,-22.4338,46.35,8.05
59,Port Alfred,96,ZA,1661232728,88,-33.5906,26.891,59.18,4.0
60,Boda,56,CF,1661232729,95,4.3189,17.4695,69.51,2.82
61,Lokomotivnyy,22,RU,1661232729,52,53.0118,60.5684,73.81,11.21
62,Thompson,0,CA,1661232699,76,55.7435,-97.8558,51.96,0.0
63,Kokopo,28,PG,1661232730,59,-4.352,152.2633,84.11,3.87
64,Cherskiy,29,RU,1661232730,51,68.75,161.3,64.27,17.58
65,Hailar,1,CN,1661232620,29,49.2,119.7,73.13,11.05
66,Hithadhoo,55,MV,1661232731,76,-0.6,73.0833,81.64,13.87
67,Rāzole,91,IN,1661232731,51,16.4833,81.8333,93.6,6.96
68,Vanimo,28,PG,1661232732,72,-2.6741,141.3028,84.27,9.91
69,Port Blair,100,IN,1661232732,73,11.6667,92.75,83.46,11.63
70,Mossamedes,1,AO,1661232732,88,-15.1961,12.1522,61.18,7.67
71,Torbay,40,CA,1661232733,94,47.6666,-52.7314,59.58,20.71
72,Vaini,40,TO,1661232733,88,-21.2,-175.2,73.56,8.05
73,Saquena,38,PE,1661232734,83,-4.6667,-73.5167,68.45,0.2
74,Albany,100,US,1661232734,89,42.6001,-73.9662,69.46,2.59
75,Atuona,13,PF,1661232735,68,-9.8,-139.0333,76.33,13.2
76,Punta Arenas,0,CL,1661232613,75,-53.15,-70.9167,35.71,16.11
77,Praia,20,CV,1661232735,94,14.9215,-23.5087,79.34,2.3
78,Pangody,21,RU,1661232464,51,65.85,74.4859,68.86,11.68
79,Doiwāla,44,IN,1661232736,60,30.1833,78.1167,89.55,4.94
80,Hofn,100,IS,1661232736,85,64.2539,-15.2082,50.25,11.54
81,Faanui,24,PF,1661232737,74,-16.4833,-151.75,77.86,19.08
82,Asău,98,RO,1661232737,80,46.4333,26.4,63.52,2.71
83,Victor Harbor,67,AU,1661232738,76,-35.5667,138.6167,54.0,1.99
84,Igualada,77,ES,1661232738,89,41.581,1.6172,72.1,2.62
85,Coyhaique,0,CL,1661232738,70,-45.5752,-72.0662,37.35,4.61
86,Xiongzhou,99,CN,1661232739,37,25.1167,114.3,101.16,2.37
87,Nizwá,30,OM,1661232740,28,22.9333,57.5333,97.09,4.97
88,San Policarpo,100,PH,1661232740,82,12.1791,125.5072,82.94,17.49
89,Pangnirtung,100,CA,1661232741,98,66.1451,-65.7125,39.9,8.32
90,Bluff,99,NZ,1661232741,65,-46.6,168.3333,57.79,15.79
91,Yellowknife,40,CA,1661232741,50,62.456,-114.3525,54.12,10.36
92,Kaabong,65,UG,1661232742,57,3.4836,34.1492,68.63,8.68
93,Den Helder,100,NL,1661232742,92,52.9599,4.7593,67.98,5.99
94,Kruisfontein,94,ZA,1661232743,84,-34.0033,24.7314,51.28,5.57
95,Takoradze,100,GH,1661232744,85,4.8845,-1.7554,75.11,8.66
96,Khani,10,GE,1661232744,33,41.9563,42.9566,74.77,4.85
97,Gari,56,RU,1661232744,44,59.4307,62.3497,73.04,5.44
98,East London,0,ZA,1661232745,88,-33.0153,27.9116,58.14,9.22
99,Khatanga,100,RU,1661232746,92,71.9667,102.5,46.38,8.93
100,Orăştioara de Sus,99,RO,1661232747,85,45.7333,23.1667,65.86,1.43
101,Cockburn Town,78,TC,1661232747,75,21.4612,-71.1419,82.36,13.51
102,Kiryat Gat,2,IL,1661232555,100,31.61,34.7642,79.48,5.66
103,Port Elizabeth,93,ZA,1661232748,99,-33.918,25.5701,52.32,6.91
104,Kamenka,0,RU,1661232748,18,51.3223,42.7678,78.55,15.28
105,Clyde River,100,CA,1661232748,93,70.4692,-68.5914,37.63,14.97
106,Hobart,75,AU,1661232464,63,-42.8794,147.3294,49.86,14.97
107,Pandrup,0,DK,1661232749,88,57.2215,9.6757,57.11,8.05
108,Esperance,88,AU,1661232750,62,-33.8667,121.9,55.63,9.95
109,Le Port,6,RE,1661232750,59,-20.9373,55.2919,77.0,2.3
110,Altay,0,CN,1661232750,29,47.8667,88.1167,66.79,7.83
111,Arraial do Cabo,67,BR,1661232751,77,-22.9661,-42.0278,67.48,13.6
112,Buritis,53,BR,1661232751,54,-15.6178,-46.4233,66.4,2.39
113,George Town,40,MY,1661232752,79,5.4112,100.3354,87.89,10.36
114,Castro,11,BR,1661232752,97,-24.7911,-50.0119,46.53,4.32
115,Tamandaré,99,BR,1661232752,89,-8.7597,-35.1047,73.15,7.67
116,Ballarat,43,AU,1661232742,72,-37.5662,143.8496,45.34,10.02
117,Tromsø,75,NO,1661232753,66,69.6496,18.957,53.62,31.07
118,Tiksi,100,RU,1661232754,78,71.6872,128.8694,40.91,4.32
119,San Carlos,30,VE,1661232754,94,9.6612,-68.5827,68.13,1.5
120,Souillac,40,MU,1661232755,73,-20.5167,57.5167,73.78,12.66
121,Chokurdakh,100,RU,1661232755,67,70.6333,147.9167,56.89,14.54
122,Airai,25,TL,1661232755,41,-8.9266,125.4092,72.5,6.24
123,Mount Isa,0,AU,1661232669,23,-20.7333,139.5,73.17,23.02
124,Timmins,100,CA,1661232631,82,48.4669,-81.3331,60.62,6.91
125,Sanguéya,97,GN,1661232756,94,10.7,-14.3667,73.69,1.43
126,Boyuibe,19,BO,1661232757,55,-20.4167,-63.2833,56.44,3.04
127,Rio Grande,0,BR,1661232757,94,-32.035,-52.0986,54.66,7.87
128,Chui,33,UY,1661232758,95,-33.6971,-53.4616,50.09,4.92
129,New Norfolk,35,AU,1661232758,73,-42.7826,147.0587,49.5,4.0
130,Coquimbo,100,CL,1661232758,87,-29.9533,-71.3436,53.33,2.3
131,Saskylakh,100,RU,1661232759,56,71.9167,114.0833,50.38,9.44
132,Petropavlovsk-Kamchatskiy,0,RU,1661232759,56,53.0452,158.6483,70.39,11.18
133,‘Ewa Beach,40,US,1661232760,66,21.3156,-158.0072,80.55,8.05
134,Coruripe,74,BR,1661232760,86,-10.1256,-36.1756,71.31,8.72
135,Nanchong,95,CN,1661232760,35,30.7951,106.0847,103.6,6.11
136,Samarai,90,PG,1661232761,78,-10.6167,150.6667,81.45,11.97
137,Bathsheba,40,BB,1661232761,83,13.2167,-59.5167,81.21,12.66
138,Zhigansk,99,RU,1661232762,69,66.7697,123.3711,47.62,17.83
139,Sakakah,0,SA,1661232762,20,29.9697,40.2064,81.97,14.99
140,Rivadavia,0,AR,1661232763,36,-33.1905,-68.4608,49.17,1.74
141,Bambous Virieux,40,MU,1661232763,73,-20.3428,57.7575,75.22,12.66
142,Tessalit,21,ML,1661232763,20,20.1986,1.0114,89.2,5.1
143,Bredasdorp,96,ZA,1661232764,85,-34.5322,20.0403,49.08,4.88
144,Waddān,0,LY,1661232764,54,29.1614,16.139,78.46,5.26
145,Itupiranga,100,BR,1661232765,45,-5.1347,-49.3267,80.92,1.57
146,Hong Kong,28,HK,1661232765,74,22.2855,114.1577,95.97,8.99
147,Iqaluit,75,CA,1661232593,75,63.7506,-68.5145,42.53,4.61
148,Saint Paul Harbor,100,US,1661232767,94,57.79,-152.4072,54.91,10.36
149,Hirara,40,JP,1661232767,66,24.8,125.2833,91.67,13.8
150,High Level,0,CA,1661232631,64,58.5169,-117.136,68.11,6.91
151,Ribeira Grande,76,PT,1661232768,77,38.5167,-28.7,73.09,11.41
152,Sitka,100,US,1661232768,82,57.0531,-135.33,60.69,5.75
153,Salalah,100,OM,1661232769,100,17.0151,54.0924,75.29,6.91
154,Liverpool,20,GB,1661232622,94,53.4106,-2.9779,62.53,4.61
155,Kavieng,36,PG,1661232769,64,-2.5744,150.7967,84.16,11.5
156,Humaitá,44,BR,1661232770,50,-7.5061,-63.0208,72.64,1.12
157,Rūdiškės,9,LT,1661232770,59,54.5167,24.8333,69.1,5.68
158,Luganville,48,VU,1661232771,75,-15.5333,167.1667,78.1,12.12
159,Bengkulu,92,ID,1661232771,70,-3.8004,102.2655,83.05,5.35
160,San Vicente,0,AR,1661232772,98,-26.6167,-54.1333,52.21,2.19
161,Benghazi,26,LY,1661232772,65,32.1167,20.0667,80.22,3.91
162,Bayir,0,TR,1661232772,42,37.2687,28.2167,68.52,1.72
163,Magdalena,100,PH,1661232773,78,14.1999,121.429,77.36,9.66
164,Brae,99,GB,1661232773,94,60.3964,-1.353,58.23,19.35
165,Chernyshevskiy,100,RU,1661232774,86,63.0128,112.4714,46.11,4.88
166,Warmbad,0,NA,1661232774,23,-28.45,18.7333,58.6,13.27
167,Ruidoso,38,US,1661232774,91,33.3317,-105.673,61.57,0.0
168,Nome,0,US,1661232775,71,64.5011,-165.4064,57.11,10.36
169,Tuktoyaktuk,75,CA,1661232775,87,69.4541,-133.0374,44.6,14.97
170,Najrān,41,SA,1661232776,17,17.4924,44.1277,88.45,7.78
171,Lavrentiya,47,RU,1661232776,84,65.5833,-171.0,36.72,2.46
172,San Quintín,47,MX,1661232776,86,30.4833,-115.95,69.4,11.34
173,Vila Velha,20,BR,1661232777,83,-20.3297,-40.2925,66.94,3.44
174,Matagami,100,CA,1661232777,94,49.7502,-77.6328,55.51,6.91
175,Terre Haute,0,US,1661232778,93,39.4667,-87.4139,66.96,0.0
176,Port Hardy,100,CA,1661232778,88,50.6996,-127.4199,60.98,4.61
177,Bilibino,100,RU,1661232779,66,68.0546,166.4372,58.1,1.99
178,Livingston,20,GB,1661232779,96,55.9029,-3.5226,61.12,1.14
179,Banff,95,CA,1661232765,94,51.1762,-115.5698,59.38,3.44
180,Narsaq,70,GL,1661232780,70,60.9167,-46.05,37.62,5.32
181,Arroio Grande,11,BR,1661232780,96,-32.2375,-53.0869,47.46,4.83
182,Bubaque,100,GW,1661232781,78,11.2833,-15.8333,80.74,11.36
183,Inta,83,RU,1661232781,50,66.0317,60.1659,70.21,18.84
184,Saint George,0,US,1661232782,52,37.1041,-113.5841,82.63,6.91
185,Auburn,20,US,1661232631,72,47.3073,-122.2284,72.36,4.61
186,Zambezi,2,ZM,1661232782,45,-13.5432,23.1047,62.42,9.42
187,Karratha,2,AU,1661232783,21,-20.7377,116.8463,82.98,24.34
188,Kalabo,3,ZM,1661232783,45,-14.97,22.6814,61.97,6.6
189,Tazmalt,2,DZ,1661232784,78,36.3868,4.3989,71.01,3.96
190,Korla,99,CN,1661232785,23,41.7597,86.1469,78.85,6.11
191,Adrar,1,MR,1661232785,30,20.5022,-10.0711,91.62,9.91
192,Harrai,76,IN,1661232785,89,22.6167,79.2167,73.72,8.12
193,Camargo,90,MX,1661232786,66,27.6667,-105.1667,76.06,7.94
194,Hamilton,0,US,1661232574,94,39.1834,-84.5333,67.08,0.0
195,Inverell,48,AU,1661232787,46,-29.7833,151.1167,63.16,3.0
196,Road Town,9,VG,1661232634,74,18.4167,-64.6167,82.49,13.04
197,Kenai,100,US,1661232517,89,60.5544,-151.2583,58.08,0.0
198,Longyearbyen,75,SJ,1661232788,65,78.2186,15.6401,39.04,17.27
199,Vengerovo,45,RU,1661232789,44,55.6848,76.7471,64.85,4.94
200,Camacha,75,PT,1661232789,94,33.0833,-16.3333,65.62,10.36
201,Athabasca,6,CA,1661232758,69,54.7169,-113.2854,55.81,3.0
202,San Patricio,83,US,1661232790,75,28.017,-97.5169,84.15,15.1
203,Starkville,20,US,1661232790,100,33.4504,-88.8184,73.67,0.0
204,Abu Dhabi,0,AE,1661232518,67,24.4667,54.3667,95.11,3.44
205,Lundazi,96,ZM,1661232791,71,-12.2929,33.1782,62.55,11.18
206,Atasū,32,KZ,1661232791,35,48.6814,71.6433,70.2,12.8
207,Ugoofaaru,100,MV,1661232792,80,5.6667,73.0,80.15,17.0
208,Saldanha,57,ZA,1661232792,53,-33.0117,17.9442,50.05,8.01
209,Santa Marta,40,CO,1661232793,89,11.2408,-74.199,78.85,4.61
210,Presidente Epitácio,2,BR,1661232793,79,-21.7633,-52.1156,62.29,7.81
211,Río Tercero,0,AR,1661232793,57,-32.173,-64.1141,43.81,5.1
212,Gloucester,79,GB,1661232794,91,51.8657,-2.2431,64.29,5.61
213,Puerto del Rosario,0,ES,1661232794,78,28.5004,-13.8627,73.15,13.8
214,Deputatsky,100,RU,1661232795,79,69.3,139.9,45.77,7.9
215,Taksimo,87,RU,1661232795,46,56.3444,114.8794,66.27,1.52
216,Eyl,27,SO,1661232796,57,7.9803,49.8164,83.86,28.5
217,Alihe,2,CN,1661232796,30,50.5667,123.7167,72.52,10.33
218,Talcahuano,100,CL,1661232763,87,-36.7167,-73.1167,51.48,2.3
219,Marrakesh,0,MA,1661232797,73,31.6315,-8.0083,71.67,4.61
220,Lagoa Vermelha,0,BR,1661232797,95,-28.2086,-51.5258,47.7,7.76
221,Distrikt Brokopondo,98,SR,1661232798,91,4.75,-55.1667,73.92,5.91
222,Sarangani,97,PH,1661232798,66,5.4033,125.4636,83.73,3.04
223,Bloomfield,100,US,1661232799,93,40.8068,-74.1854,75.0,4.61
224,Caravelas,98,BR,1661232799,89,-17.7125,-39.2481,68.52,10.33
225,Ponta do Sol,3,PT,1661232799,67,32.6667,-17.1,73.0,3.51
226,Guider,100,CM,1661232800,91,9.9342,13.9486,72.55,4.68
227,Fortuna Foothills,0,US,1661232800,57,32.6578,-114.4119,93.29,11.5
228,Barrhead,100,GB,1661232801,93,55.7992,-4.3929,61.84,4.61
229,Lata,23,PT,1661232801,73,40.1629,-8.3327,65.71,2.44
230,Santa Maria,69,BR,1661232802,96,-29.6842,-53.8069,49.5,4.74
231,Departamento de Maldonado,41,UY,1661232802,95,-34.6667,-54.9167,49.39,4.85
232,Setermoen,96,NO,1661232803,81,68.861,18.3486,52.11,4.0
233,Akbarpur,65,IN,1661232803,52,26.4167,82.55,92.77,5.17
234,Te Anau,50,NZ,1661232803,89,-45.4167,167.7167,45.32,6.49
235,Qarchī Gak,0,AF,1661232804,13,37.04,66.7889,84.74,10.54
236,Baruun-Urt,95,MN,1661232804,32,46.6806,113.2792,65.8,7.78
237,Mamlyutka,99,KZ,1661232805,53,54.9375,68.5394,66.22,2.42
238,Dongfeng,0,CN,1661232805,65,42.6403,125.5118,68.32,12.97
239,Aswān,8,EG,1661232806,19,24.0934,32.907,95.86,10.47
240,Berlevåg,0,NO,1661232806,58,70.8578,29.0864,57.15,20.71
241,Nivala,97,FI,1661232807,70,63.9167,24.9667,52.68,2.59
242,Jasper,0,US,1661232789,74,37.2001,-94.3502,71.55,4.61
243,Madingou,79,CG,1661232807,81,-4.1536,13.55,72.18,4.0
244,Laas,7,IT,1661232808,72,46.6166,10.7002,59.88,6.31
245,Lagoa,85,PT,1661232808,78,39.05,-27.9833,72.77,15.19
246,Whitehorse,75,CA,1661232523,51,60.7161,-135.0538,66.97,13.8
247,Fort Nelson,40,CA,1661232810,88,58.8053,-122.7002,65.79,2.3
248,Batemans Bay,100,AU,1661232810,93,-35.7167,150.1833,52.11,6.49
249,Provideniya,20,RU,1661232811,87,64.3833,-173.3,48.31,11.18
250,Rawson,100,AR,1661232811,51,-43.3002,-65.1023,54.64,7.96
251,Brainerd,0,US,1661232811,94,46.358,-94.2008,64.09,4.23
252,Pishin,20,PK,1661232812,26,30.5803,66.9961,80.19,2.28
253,Keti Bandar,100,PK,1661232812,84,24.1447,67.4497,81.75,15.26
254,Vila Franca do Campo,30,PT,1661232813,80,37.7167,-25.4333,70.21,2.89
255,Prince Rupert,0,CA,1661232813,92,54.3161,-130.3201,58.69,6.91
256,Xinzhi,86,CN,1661232813,38,36.4989,111.7047,83.34,3.69
257,Ekhabi,100,RU,1661232814,95,53.5102,142.9671,54.99,22.57
258,Paamiut,100,GL,1661232815,57,61.994,-49.6678,47.1,31.99
259,Pontianak,75,ID,1661232815,66,-0.0333,109.3333,87.78,4.61
260,Pascagoula,0,US,1661232815,97,30.3658,-88.5561,77.72,0.0
261,Angoram,35,PG,1661232816,57,-4.0625,144.0661,88.92,7.38
262,Ancud,100,CL,1661232816,95,-41.8697,-73.8203,48.0,7.65
263,Mapiripán,67,CO,1661232817,84,2.8892,-72.1256,71.71,4.41
264,Sorong,79,ID,1661232817,67,-0.8833,131.25,83.43,4.34
265,Mayo,20,US,1661232597,92,38.8876,-76.5119,75.94,4.61
266,Black Diamond,1,US,1661232818,73,47.3087,-122.0032,69.48,3.11
267,Raudeberg,93,NO,1661232818,71,61.9875,5.1352,57.87,6.71
268,Tweed,100,CA,1661232818,99,44.4751,-77.3162,67.05,5.44
269,Harper,100,LR,1661232819,88,4.375,-7.7169,75.22,11.52
270,Arman',100,RU,1661232819,91,59.7,150.1667,54.68,4.47
271,Dalbandin,19,PK,1661232820,15,28.8947,64.4101,87.96,8.86
272,Cayenne,0,GF,1661232605,94,4.9333,-52.3333,73.44,0.0
273,Nanortalik,42,GL,1661232820,77,60.1432,-45.2371,42.39,16.31
274,Vânătorii Mici,99,RO,1661232821,75,44.4903,25.5589,74.48,8.97
275,Ust'-Charyshskaya Pristan',57,RU,1661232821,44,52.3934,83.6635,65.77,9.08
276,Acaraú,96,BR,1661232821,82,-2.8856,-40.12,77.41,14.83
277,Okhotsk,95,RU,1661232822,83,59.3833,143.3,58.14,6.29
278,Konstantinovsk,0,RU,1661232822,23,47.5828,41.0922,84.85,17.92
279,Misratah,29,LY,1661232823,62,32.3754,15.0925,80.98,9.46
280,Borovskoy,28,KZ,1661232823,61,53.8,64.15,70.61,5.57
281,Rehoboth,0,NA,1661232823,18,-23.3167,17.0833,54.43,4.94
282,Gilbués,91,BR,1661232824,47,-9.8317,-45.3439,67.15,6.24
283,Yelan',0,RU,1661232824,18,50.949,43.7378,79.45,15.9
284,Evensk,100,RU,1661232825,99,61.95,159.2333,50.04,8.43
285,Cap Malheureux,34,MU,1661232825,61,-19.9842,57.6142,75.47,13.0
286,Tuatapere,87,NZ,1661232826,78,-46.1333,167.6833,49.3,10.22
287,Kununurra,0,AU,1661232826,10,-15.7667,128.7333,93.18,12.66
288,Embu,71,BR,1661232826,93,-23.6489,-46.8522,58.1,4.79
289,Iztapa,93,GT,1661232827,87,13.9333,-90.7075,77.94,4.65
290,Norman Wells,75,CA,1661232827,71,65.282,-126.8329,55.44,17.27
291,Sayyan,51,YE,1661232828,28,15.1718,44.3244,72.88,13.76
292,Puerto Carreño,99,CO,1661232828,90,6.189,-67.4859,72.05,3.71
293,Bria,100,CF,1661232828,95,6.5423,21.9863,70.59,2.55
294,Muros,82,ES,1661232829,82,42.7762,-9.0603,69.15,9.53
295,Balyqshy,0,KZ,1661232830,23,47.0667,51.8667,77.0,17.9
296,Flinders,95,AU,1661232831,85,-34.5833,150.8552,48.18,15.01
297,Aklavik,92,CA,1661232831,60,68.2191,-135.0107,46.81,7.99
298,Hualmay,21,PE,1661232832,85,-11.0964,-77.6139,60.33,10.45
299,Ossora,96,RU,1661232832,82,59.2353,163.0719,59.58,4.81
300,Mercedes,2,AR,1661232832,92,-34.6515,-59.4307,43.65,7.38
301,Belyy Yar,0,RU,1661232833,55,53.6039,91.3903,62.49,6.71
302,Basavakalyan,98,IN,1661232833,65,17.8667,76.95,80.76,14.45
303,Velasco Ibarra,97,EC,1661232834,76,-1.05,-79.6167,72.95,3.38
304,Progreso,40,MX,1661232834,87,21.2833,-89.6667,81.1,8.79
305,Tibagi,11,BR,1661232834,97,-24.5094,-50.4136,49.64,3.51
306,Conde,75,BR,1661232835,100,-7.2597,-34.9075,71.06,6.91
307,Havre-St-Pierre,100,CA,1661232835,100,50.2334,-63.5986,62.96,2.3
308,Zyryanka,100,RU,1661232836,95,65.75,150.85,53.51,11.88
309,Panabá,19,MX,1661232836,90,21.2833,-88.2667,75.29,6.15
310,Marawi,98,PH,1661232837,83,7.9986,124.2928,77.36,2.89
311,Hambantota,40,LK,1661232837,70,6.1241,81.1185,88.14,10.36
312,Champerico,63,GT,1661232837,82,14.3,-91.9167,79.63,4.23
313,Yar-Sale,4,RU,1661232838,43,66.8333,70.8333,71.87,13.2
314,Lázaro Cárdenas,5,MX,1661232838,82,17.9583,-102.2,78.71,3.11
315,Klaksvík,100,FO,1661232839,99,62.2266,-6.589,52.72,18.16
316,Rio Pardo,13,BR,1661232839,98,-29.9897,-52.3781,48.72,4.45
317,Kaohsiung City,75,TW,1661232638,74,22.6163,120.3133,91.49,9.22
318,Maku,0,IR,1661232840,37,39.2911,44.4521,70.41,0.0
319,Tevriz,66,RU,1661232840,55,57.509,72.4042,68.49,0.6
320,Poum,0,NC,1661232840,79,-20.2333,164.0167,75.13,15.66
321,Hutchinson,0,US,1661232601,63,38.0608,-97.9298,69.53,4.61
322,Buckeye,3,US,1661232632,45,33.3703,-112.5838,94.3,6.02
323,Los Llanos de Aridane,75,ES,1661232841,88,28.6585,-17.9182,67.75,14.97
324,Saint Anthony,0,US,1661232842,85,45.0205,-93.218,67.32,0.0
325,Kapit,100,MY,1661232842,75,2.0167,112.9333,86.43,2.66
326,Moyamba,91,SL,1661232843,99,8.1667,-12.4333,71.69,1.48
327,Krasnosel'kup,99,RU,1661232843,49,65.7,82.4667,68.83,15.75
328,Laytown,100,IE,1661232844,93,53.6819,-6.2392,64.13,8.7
329,Tezu,78,IN,1661232844,50,27.9167,96.1667,97.39,3.71
330,Karakol,100,KG,1661232845,26,42.4907,78.3936,65.68,5.17
331,Kashgar,40,CN,1661232845,82,39.4547,75.9797,61.81,4.47
332,Honningsvåg,100,NO,1661232846,71,70.9821,25.9704,53.35,23.02
333,Moree,75,AU,1661232846,55,-29.4667,149.85,60.82,32.21
334,Stirling,100,GB,1661232757,97,56.119,-3.9368,62.19,1.99
335,Grand Gaube,36,MU,1661232847,61,-20.0064,57.6608,75.38,13.0
336,Talavera de la Reina,0,ES,1661232805,49,39.9635,-4.8308,73.83,8.72
337,Miyako,69,JP,1661232847,68,39.6367,141.9525,86.02,10.54
338,Tabuk,100,PH,1661232848,96,17.4189,121.4443,74.53,10.11
339,College,75,US,1661232848,71,64.8569,-147.8028,65.23,1.14
340,Boa Vista,75,BR,1661232849,83,2.8197,-60.6733,75.18,13.8
341,Mandalgovi,100,MN,1661232849,62,45.7625,106.2708,53.47,11.16
342,Channahon,0,US,1661232849,95,41.4295,-88.2287,64.74,0.0
343,Constitución,96,CL,1661232850,93,-35.3333,-72.4167,50.63,5.26
344,La Santisima Trinidad,13,BO,1661232802,56,-14.8333,-64.9,66.61,4.34
345,Alofi,8,NU,1661232851,88,-19.0595,-169.9187,75.09,3.44
346,Certaldo,0,IT,1661232852,100,43.547,11.0402,77.31,2.44
347,Tocache,21,PE,1661232852,79,-8.1842,-76.5125,64.71,0.34
348,Haines Junction,91,CA,1661232853,55,60.7522,-137.5108,62.55,3.44
349,Santa Isabel Rio Negro,96,BR,1661232853,96,-0.4139,-65.0192,69.48,2.57
350,Kungsbacka,100,SE,1661232854,88,57.4872,12.0761,53.51,5.01
351,Inuvik,75,CA,1661232631,61,68.3499,-133.7218,50.76,8.05
352,Hay River,75,CA,1661232854,63,60.8156,-115.7999,62.58,11.5
353,San Cristobal,100,VE,1661232855,98,7.7669,-72.225,71.78,4.05
354,Tautira,51,PF,1661232855,79,-17.7333,-149.15,75.99,18.99
355,Thunder Bay,100,CA,1661232631,94,48.4001,-89.3168,64.38,3.44
356,Moussoro,100,TD,1661232856,77,13.6408,16.4901,78.85,12.3
357,Lexington,0,US,1661232792,87,37.9887,-84.4777,67.98,0.0
358,Inhambane,20,MZ,1661232856,94,-23.865,35.3833,60.78,4.61
359,Dali,31,CN,1661232857,60,25.7,100.1833,78.91,2.64
360,Develi,4,TR,1661232857,33,38.3906,35.4922,69.15,0.6
361,Denpasar,20,ID,1661232665,70,-8.65,115.2167,83.86,23.02
362,Yulara,0,AU,1661232858,18,-25.2406,130.9889,62.44,23.26
363,Kumluca,0,TR,1661232858,56,36.3703,30.2869,82.35,3.2
364,Ostrovnoy,35,RU,1661232859,64,68.0531,39.5131,61.43,19.89
365,Victoria Point,26,AU,1661232859,71,-27.5833,153.3,75.15,1.99
366,Gazli,0,UZ,1661232859,12,40.1333,63.45,83.32,19.13
367,Mormugao,99,IN,1661232860,83,15.4,73.8,79.77,15.28
368,Kisangani,75,CD,1661232860,100,0.5167,25.2,68.36,0.0
369,Shingū,89,JP,1661232861,73,33.7333,135.9833,86.85,5.48
370,Leningradskiy,0,RU,1661232861,79,69.3833,178.4167,40.46,14.54
371,Lanzhou,75,CN,1661232862,49,36.0564,103.7922,82.81,4.76
372,Penha,99,BR,1661232657,91,-26.7694,-48.6458,56.35,0.81
373,Nouadhibou,20,MR,1661232862,88,20.931,-17.0347,73.38,8.05
374,Georgiyevka,0,KZ,1661232863,21,43.0369,74.7114,73.44,4.47
375,Māngrol,100,IN,1661232863,81,21.1167,70.1167,82.65,19.37
376,Abu Samrah,0,SY,1661232864,58,35.3029,37.1841,80.64,14.61
377,Egvekinot,52,RU,1661232864,50,66.3167,-179.1667,48.51,3.11
378,Ulaangom,6,MN,1661232864,29,49.9811,92.0667,67.91,8.05
379,Safaga,0,EG,1661232865,46,26.7292,33.9365,90.48,12.95
380,Young,83,UY,1661232866,94,-32.6833,-57.6333,45.55,7.16
381,Agadir,47,MA,1661232866,76,30.4202,-9.5982,68.45,4.36
382,Bocana de Paiwas,100,NI,1661232867,94,12.7857,-85.1227,72.88,1.61
383,Zhalantun,3,CN,1661232867,30,48.0,122.7167,75.47,12.77
384,Gimli,73,CA,1661232867,88,50.6336,-96.9907,64.6,5.12
385,Sechura,30,PE,1661232868,85,-5.5569,-80.8222,62.15,9.24
386,Sisophon,35,KH,1661232868,53,13.5859,102.9737,91.94,9.13
387,Beloha,5,MG,1661232869,65,-25.1667,45.05,72.36,11.45
388,Dison,17,BE,1661232869,71,50.6096,5.8542,63.46,3.31
389,Kencong,58,ID,1661232869,59,-8.2833,113.3667,84.87,14.92
390,Sioux Lookout,100,CA,1661232870,100,50.1001,-91.917,60.87,0.0
391,Yatou,29,CN,1661232870,63,37.15,122.3833,76.03,16.93
392,Honiara,40,SB,1661232871,66,-9.4333,159.95,84.09,5.93
393,Londonderry,75,GB,1661232872,88,54.9981,-7.3093,62.33,8.05
394,Mana,99,GF,1661232873,92,5.6592,-53.7767,74.03,4.45
395,Manta,100,EC,1661232756,84,-0.95,-80.7333,70.41,6.69
396,Cochrane,100,CA,1661232631,77,51.1834,-114.4687,62.01,11.5
397,Smithers,75,CA,1661232874,82,54.7804,-127.1743,64.72,2.3
398,Guymon,0,US,1661232874,60,36.6828,-101.4816,68.0,4.61
399,Halifax,100,CA,1661232648,95,44.6453,-63.5724,69.8,10.36
400,Sol'-Iletsk,89,RU,1661232875,35,51.1631,54.9918,80.44,8.28
401,North Bend,100,US,1661232875,98,43.4065,-124.2243,68.23,5.75
402,Copiapó,0,CL,1661232875,78,-27.3667,-70.3333,49.69,0.65
403,Santa Cruz de la Sierra,15,BO,1661232876,72,-17.8,-63.1667,60.26,4.61
404,Oceanside,100,US,1661232631,87,33.1959,-117.3795,73.51,4.61
405,Batagay-Alyta,100,RU,1661232876,87,67.8006,130.4114,41.72,3.83
406,Along,96,IN,1661232877,50,28.1667,94.7667,95.85,2.55
407,Qui Nhon,93,VN,1661232877,59,13.7667,109.2333,90.37,10.56
408,Half Moon Bay,100,US,1661232619,89,37.4636,-122.4286,69.8,16.11
409,Suntar,100,RU,1661232878,79,62.1444,117.6319,48.13,4.21
410,Havelock,20,US,1661232839,94,34.8791,-76.9013,75.16,10.36
411,Chimoio,20,MZ,1661232878,100,-19.1164,33.4833,53.46,4.54
412,Teya,53,RU,1661232879,45,60.3778,92.6267,59.83,8.28
413,Srednekolymsk,72,RU,1661232879,66,67.45,153.6833,64.35,10.8
414,Tupik,52,RU,1661232880,59,54.4253,119.9327,63.19,5.59
415,Beisfjord,99,NO,1661232880,92,68.3751,17.5988,53.65,13.11
416,Yalutorovsk,26,RU,1661232880,66,56.6536,66.3006,71.55,6.33
417,Shimoda,100,JP,1661232584,75,34.6667,138.95,92.1,8.77
418,Itarema,88,BR,1661232881,79,-2.9248,-39.9167,77.97,15.55
419,Tiarei,27,PF,1661232882,78,-17.5333,-149.3333,77.02,21.07
420,Ixtapa,20,MX,1661232683,89,20.7,-105.2,80.22,0.0
421,Eyemouth,99,GB,1661232882,93,55.8713,-2.0901,60.24,6.33
422,Kieta,22,PG,1661232883,78,-6.2167,155.6333,81.39,4.81
423,Selaphum,48,TH,1661232883,62,16.0299,103.9383,93.09,6.06
424,Manaus,0,BR,1661232883,74,-3.1019,-60.025,82.89,5.75
425,Esna,4,EG,1661232884,17,25.2934,32.554,94.75,1.14
426,Pokhara,33,NP,1661232884,67,28.2333,83.9833,84.27,4.97
427,Gorlice,56,PL,1661232885,89,49.6556,21.1604,64.4,1.25
428,Hope,100,US,1661232885,99,33.6671,-93.5916,75.25,5.91
429,Praia da Vitória,40,PT,1661232886,83,38.7333,-27.0667,71.85,9.42
430,Porto-Novo,100,BJ,1661232624,90,6.4965,2.6036,73.87,7.31
431,Moscow,100,RU,1661232710,52,55.7522,37.6156,73.24,7.05
432,Fleetwood,40,GB,1661232887,100,53.9253,-3.0109,61.84,6.91
433,Seymchan,99,RU,1661232887,52,62.8833,152.4333,63.84,11.14
434,Ulcinj,4,ME,1661232887,71,41.9294,19.2244,70.02,6.26
435,Cascas,61,PE,1661232888,65,-7.4833,-78.8167,64.71,0.96
436,Tocopilla,5,CL,1661232708,61,-22.092,-70.1979,58.82,3.96
437,San Jose,20,US,1661232796,77,37.3394,-121.895,69.76,8.05
438,Niquero,68,CU,1661232889,87,20.0431,-77.5828,78.06,9.33
439,Muncar,47,ID,1661232889,59,-8.4333,114.3333,82.63,14.09
440,İskele,20,TR,1661232889,83,39.484,26.9278,73.49,1.14
441,Vytegra,95,RU,1661232890,56,61.0064,36.4481,70.29,4.07
442,Terrace Bay,73,CA,1661232891,89,48.7834,-87.1,55.72,9.01
443,Kokkola,0,FI,1661232892,90,63.8385,23.1307,61.93,4.61
444,Alyangula,1,AU,1661232892,51,-13.8483,136.4192,80.04,15.32
445,Vidalia,0,US,1661232893,94,32.2177,-82.4135,75.15,0.0
446,Sīrjān,2,IR,1661232893,8,29.452,55.6814,80.69,12.33
447,Havøysund,100,NO,1661232894,86,70.9963,24.6622,53.83,49.39
448,Altoona,60,US,1661232606,92,40.5187,-78.3947,68.38,5.19
449,Soyo,38,AO,1661232894,91,-6.1349,12.3689,69.93,8.63
450,Tarko-Sale,59,RU,1661232895,49,64.9225,77.785,70.23,15.9
451,Naica,75,MX,1661232895,69,27.85,-105.4833,73.24,7.38
452,Biak,96,ID,1661232895,77,-0.9131,122.8766,79.77,8.5
453,Bukama,63,CD,1661232896,34,-9.2,25.85,79.5,4.85
454,Dunedin,97,NZ,1661232896,84,-45.8742,170.5036,50.81,8.01
455,Kumul,17,CN,1661232621,18,42.8,93.45,80.29,5.03
456,Antofagasta,10,CL,1661232897,75,-23.65,-70.4,56.48,3.06
457,Taree,95,AU,1661232886,52,-31.9,152.4667,72.07,5.23
458,Ketchikan,75,US,1661232898,88,55.3422,-131.6461,61.27,3.44
459,Prachuap Khiri Khan,92,TH,1661232716,43,12.2167,99.75,93.2,3.27
460,Pangkalanbuun,84,ID,1661232898,76,-2.6833,111.6167,83.55,4.36
461,Lālmohan,95,BD,1661232899,75,22.3384,90.7419,83.98,7.52
462,Skjervøy,100,NO,1661232899,77,70.0311,20.9714,59.0,47.31
463,San Felipe,22,VE,1661232899,91,10.3399,-68.7425,68.63,4.94
464,Muriwai Beach,17,NZ,1661232900,75,-36.8167,174.45,57.96,7.05
465,Lüderitz,0,NA,1661232900,33,-26.6481,15.1594,64.09,3.98
466,Waterloo,40,CA,1661232901,97,43.4668,-80.5164,65.53,6.91
467,Dukat,100,RU,1661232901,86,62.55,155.55,48.07,8.03
468,Shīeli,0,KZ,1661232901,16,44.1667,66.75,80.91,20.83
469,Guerrero Negro,87,MX,1661232902,85,27.9769,-114.0611,70.61,11.9
470,Luwuk,98,ID,1661232902,81,-0.9516,122.7875,81.75,8.28
471,Coleraine,95,GB,1661232716,96,55.1333,-6.6667,59.0,8.59
472,Baft,0,IR,1661232903,8,29.234,56.6057,74.05,5.82
473,Shubarshi,9,KZ,1661232903,35,48.5872,57.1869,76.08,17.34
474,Aykhal,100,RU,1661232904,97,66.0,111.5,39.02,1.48
475,Kurtalan,0,TR,1661232904,26,37.9272,41.7028,88.03,1.74
476,Mahibadhoo,76,MV,1661232905,73,3.7833,72.9667,82.29,15.17
477,Carnarvon,0,AU,1661232905,31,-24.8667,113.6333,80.13,13.38
478,Pueblo Nuevo,72,MX,1661232905,96,23.3833,-105.3833,56.48,4.29
479,Caucaia,40,BR,1661232906,77,-3.7361,-38.6531,78.75,9.22
480,Guangyuan,46,CN,1661232617,48,32.442,105.823,96.75,10.22
481,Husavik,98,IS,1661232906,82,66.0449,-17.3389,44.11,1.01
482,Zafra,0,ES,1661232907,31,38.4167,-6.4167,71.65,6.91
483,Banda Aceh,91,ID,1661232907,62,5.5577,95.3222,86.95,11.61
484,Tonantins,68,BR,1661232908,78,-2.8731,-67.8022,71.96,2.21
485,Ciudad Bolivar,100,VE,1661232908,91,8.1222,-63.5497,74.17,5.03
486,Maniitsoq,100,GL,1661232908,85,65.4167,-52.9,42.64,28.68
487,Charters Towers,0,AU,1661232909,33,-20.1,146.2667,80.42,6.93
488,Brooks,26,CA,1661232909,70,50.5834,-111.8851,68.04,2.3
489,Tongliao,0,CN,1661232910,41,43.6125,122.2653,73.9,14.03
490,Severo-Yeniseyskiy,42,RU,1661232910,46,60.3725,93.0408,55.87,8.59
491,Karasjok,30,NO,1661232912,65,69.4719,25.5112,54.41,28.5
492,Beidao,75,CN,1661232912,41,34.5686,105.8933,92.64,15.64
493,Vao,15,NC,1661232912,79,-22.6667,167.4833,71.13,12.41
494,Margate,89,GB,1661232913,92,51.3813,1.3862,66.9,3.0
495,Trat,90,TH,1661232913,66,12.5,102.5,88.0,8.99
496,Batagay,100,RU,1661232914,73,67.6333,134.6333,47.71,6.98
497,Necochea,10,AR,1661232914,93,-38.5473,-58.7368,43.16,10.85
498,Port Lincoln,89,AU,1661232914,59,-34.7333,135.8667,54.73,15.68
499,Hämeenlinna,99,FI,1661232915,61,60.996,24.4643,58.14,3.56
500,Churapcha,100,RU,1661232916,62,62.0025,132.4325,52.29,6.76
501,Waingapu,2,ID,1661232916,46,-9.6567,120.2641,84.81,18.5
502,Kaniama,86,CD,1661232916,30,-7.5667,24.1833,76.73,9.19
503,Trincomalee,100,LK,1661232917,59,8.5711,81.2335,88.12,16.67
504,Tamiahua,29,MX,1661232918,85,21.2667,-97.45,80.26,7.14
505,Henties Bay,0,NA,1661232918,84,-22.116,14.2845,55.31,4.14
506,Tura,95,IN,1661232918,78,25.5198,90.2201,85.14,0.89
507,Laguna,0,US,1661232732,63,38.421,-121.4238,82.4,8.05
508,Hobyo,76,SO,1661232919,71,5.3505,48.5268,80.13,24.25
509,Baker City,0,US,1661232919,55,44.7749,-117.8344,71.6,6.91
510,Stromness,93,GB,1661232916,93,58.965,-3.296,57.16,7.0
511,Morwa,100,IN,1661232920,91,22.9,73.8333,76.33,14.23
512,Pangoa,26,PE,1661232920,76,-12.1167,-73.0,62.19,2.8
513,Adré,67,TD,1661232921,79,13.4667,22.2,75.27,9.98
514,Tazovsky,14,RU,1661232921,66,67.4667,78.7,59.59,13.89
515,Dragalina,78,RO,1661232922,76,44.4333,27.3167,71.74,4.43
516,Basco,70,PH,1661232922,77,20.4487,121.9702,83.73,26.13
517,Siddipet,80,IN,1661232922,63,18.1,78.85,84.22,12.24
518,Kongolo,88,CD,1661232923,36,-5.3833,27.0,82.06,3.58
519,Carmo do Paranaíba,9,BR,1661232923,54,-19.0008,-46.3161,54.12,5.26
520,Sohna,7,IN,1661232924,51,28.25,77.0667,88.03,22.06
521,Shenyang,0,CN,1661232827,34,41.7922,123.4328,78.82,11.18
522,Tiznit Province,10,MA,1661232924,45,29.5833,-9.5,76.91,0.34
523,Turukhansk,100,RU,1661232925,97,65.8167,87.9833,52.95,1.14
524,Kidal,63,ML,1661232925,66,18.4411,1.4078,80.53,18.99
525,Maués,90,BR,1661232925,66,-3.3836,-57.7186,72.68,1.77
526,Dakoro,79,NE,1661232926,74,14.5106,6.765,76.68,10.67
527,Jalu,0,LY,1661232926,54,29.0331,21.5482,81.75,4.85
528,Yangi Marg`ilon,5,UZ,1661232927,29,40.4272,71.7189,77.72,4.61
529,Ndjolé,99,GA,1661232927,89,-0.1783,10.7649,73.09,2.17
530,Eureka,96,US,1661232928,92,40.8021,-124.1637,68.67,3.0
531,Isangel,2,VU,1661232849,67,-19.55,169.2667,74.43,10.92
532,San Juan,0,AR,1661232915,24,-31.5375,-68.5364,54.81,4.81
533,Camden,53,US,1661232929,93,39.7835,-74.9663,73.24,4.59
534,Manavālakurichi,94,IN,1661232929,69,8.1333,77.3,83.7,17.94
535,Aginskoye,6,RU,1661232929,31,51.1,114.53,70.77,8.23
536,Pedasí,100,PA,1661232930,91,7.5333,-80.0333,75.07,9.8
537,Manokwari,76,ID,1661232930,70,-0.8667,134.0833,83.26,10.6
538,Port-Cartier,72,CA,1661232931,86,50.0334,-66.8654,62.28,4.25
539,Guarujá,0,BR,1661232931,79,-23.9931,-46.2564,62.98,2.59
540,Bandrele,100,YT,1661232933,73,-12.9067,45.1914,76.75,17.27
541,Myitkyina,58,MM,1661232933,54,25.3833,97.4,94.71,2.89
542,Chanika,79,TZ,1661232933,59,-5.4167,38.0167,71.29,7.78
543,Freeport,75,US,1661232713,88,40.6576,-73.5832,75.31,4.61
544,Umeå,99,SE,1661232934,100,63.8284,20.2597,50.92,2.3
545,Ibrā’,8,OM,1661232934,31,22.6906,58.5334,95.97,3.42
546,Abu Kamal,0,SY,1661232935,35,34.4506,40.9171,88.77,13.09
547,Lorengau,5,PG,1661232935,63,-2.0226,147.2712,84.56,9.8
548,Bay Roberts,86,CA,1661232936,95,47.5999,-53.2648,60.33,3.0
549,Tuy Hoa,86,VN,1661232936,50,13.0833,109.3,94.96,2.48
550,Mucurapo,100,TT,1661232936,85,10.6667,-61.5333,75.25,4.52
551,Rundu,6,NA,1661232937,36,-17.9333,19.7667,56.8,7.4
552,Otradnoye,95,RU,1661232938,70,59.7775,30.8181,72.03,4.68
553,Berdigestyakh,100,RU,1661232938,94,62.0989,126.6992,43.23,6.55
554,Ubari,0,LY,1661232938,26,26.5921,12.7805,84.25,9.6
555,General Roca,92,AR,1661232939,53,-39.0333,-67.5833,51.62,6.42
556,Manbij,0,SY,1661232939,60,36.5281,37.9549,82.18,13.67
557,Santiago del Estero,0,AR,1661232940,30,-27.7951,-64.2615,54.23,4.9
558,Villa María,0,AR,1661232940,59,-32.4075,-63.2402,46.85,7.58
559,Burnie,17,AU,1661232940,45,-41.0667,145.9167,52.92,13.24
560,Kozhva,98,RU,1661232941,45,65.1073,57.0459,74.14,9.37
561,Foso,100,GH,1661232941,86,5.7012,-1.2866,73.09,5.19
562,Cururupu,97,BR,1661232942,93,-1.8283,-44.8683,73.02,3.11
563,Sand,0,DE,1661232942,77,50.0,10.6,58.75,2.84
564,Malbork,38,PL,1661232942,85,54.0359,19.0266,70.12,3.62
565,Amahai,83,ID,1661232943,84,-3.3333,128.9167,79.56,7.76
566,La Reforma,88,MX,1661232943,83,18.1,-91.0167,77.5,4.09
